{"cameraMode":{"drawMode":0,"name":"Shaded","section":"Shading Mode"},"sceneLighting":false,"audioPlay":false,"sceneViewState":{"m_AlwaysRefresh":false,"showFog":true,"showSkybox":false,"showFlares":true,"showImageEffects":true,"showParticleSystems":true,"showVisualEffectGraphs":true,"m_FxEnabled":true},"in2DMode":false,"pivot":{"x":0.11580296605825424,"y":1.9373630285263062,"z":-0.4852999448776245},"rotation":{"x":0.4829912483692169,"y":0.5162708759307861,"z":-0.4803987443447113,"w":0.5190812945365906},"size":0.011980102397501469,"orthographic":false}