{"cameraMode":{"drawMode":0,"name":"Shaded","section":"Shading Mode"},"sceneLighting":false,"audioPlay":false,"sceneViewState":{"m_AlwaysRefresh":false,"showFog":true,"showSkybox":false,"showFlares":true,"showImageEffects":true,"showParticleSystems":true,"showVisualEffectGraphs":true,"m_FxEnabled":true},"in2DMode":false,"pivot":{"x":0.10594403743743897,"y":0.48430806398391726,"z":-0.22445297241210938},"rotation":{"x":0.16861987113952638,"y":0.5595932602882385,"z":-0.11752495914697647,"w":0.8028841614723206},"size":0.7746828198432922,"orthographic":false}