{"cameraMode":{"drawMode":0,"name":"Shaded","section":"Shading Mode"},"sceneLighting":false,"audioPlay":false,"sceneViewState":{"m_AlwaysRefresh":false,"showFog":true,"showSkybox":false,"showFlares":true,"showImageEffects":true,"showParticleSystems":true,"showVisualEffectGraphs":true,"m_FxEnabled":true},"in2DMode":false,"pivot":{"x":-0.010000228881835938,"y":-0.15000000596046449,"z":-2.0400009155273439},"rotation":{"x":0.011982726864516735,"y":0.9865781664848328,"z":-0.1388390064239502,"w":0.08515570312738419},"size":16.970561981201173,"orthographic":false}